source_pdf,page_number,accident_code,accident_name,basic_fault_ratio,modification_factors,related_cases,raw_text
과실비율인정기준,4,차1,(6) 교차로 부근 동시 우회전 내지 좌회전 사고,,,,"자동차사고 과실비율 인정기준 003
3. 수정요소(인과관계를 감안한 과실비율 조정)의 해설 .....................................128
4. 세부유형별 과실비율 적용기준 .................................................................................147
가. 교차로(+자로, T자로 등) 사고 .................................................................................."
과실비율인정기준,22,,,0,,,"자동차사고 과실비율 인정기준 │ 제2편 총설 021
차량에 가산을, 상대차량에는 반대로 감산한다. 수정요소의 값이 -인 경우 해당 차량에
감산을, 상대차량에는 반대로 가산할 수 있다. 기본 비율이 A 0% : B 100% 일때는 먼저
0 인 A 차량에게 수정요소를 적용하여 B 차량 과실비율이 100% 미만인 경우에 한하여
B차량에게 수정요소를 적용한다.
③ 수정요소를 가산한 일방 차량의 최종 값이 100%를 넘을 수 없으며 반대로 0%보다 작을
수 없다. 또한 양자의 최종 과실비율의 합계는 언제나 100%가 되어야 한다.
④ 현저한"
과실비율인정기준,24,,,10,,,"자동차사고 과실비율 인정기준 │ 제2편 총설 023
2) 최저 및 최고 비율의 중간수치를 기본 과실비율로 하되, 기본 과실비율로써 중간수치라
함은 아래의 예와 같다.
예) 과실상계율이 10%~30%인 경우 중간수치는 20%를 적용하며, 10%~20%인 경우
10%를 적용한다.
3) 후술하는 사고유형별 과실비율 적용기준에서 설명하는 가·감산요소를 수정하여 적용하되,
가·감산 후의 최종 과실비율은 최저치 미만으로 적용할 수 없으며, 또한 최고치를 초과하여
적용할 수 없다.
4) 과실이 없는 다른 차량의 탑승 피해자에게도 이 기준을 적용"
과실비율인정기준,25,,,80,,,"자동차사고 과실비율 인정기준 │ 제2편 총설 024
도로교통법 제68조(도로에서의 금지행위 등)
③ 누구든지 다음 각 호의 어느 하나에 해당하는 행위를 하여서는 아니 된다.
1. 술에 취하여 도로에서 갈팡질팡하는 행위
2. 도로에서 교통에 방해되는 방법으로 눕거나 앉거나 서있는 행위
③ 차도에서 택시를 잡는 행위
차도에서 택시를 잡는 행위는 도로교통법 제8조제1항 및 제2항을 위반하는 행위가 된다. 다만,
보·차도 구분이 없는 도로상에서 택시를 잡는 행위는 도로의 가장자리에서만 가능하다. 보행
자의 과실은 야간, 음주, 간선도로, "
과실비율인정기준,40,보1,⊙ 차량이 녹색신호에 교차로를 진입하여 보행자신호등 적색신호에 횡단,5,,1990.8.10; 90도116,"제1장.
자동차와
보행자의
사고
자동차사고 과실비율 인정기준 │ 제3편 사고유형별 과실비율 적용기준 039
수정요소(인과관계를 감안한 과실비율 조정) 해설
① 야간 또는 주·정차된 차량 사이에서 보행자가 걸어 나오는 등 운전자가 보행자의 횡단을
예상하기 어려운 경우 보행자의 과실을 5%까지 가산할 수 있다.
② 간선도로인 경우 보행자의 횡단을 예견하기 어려우므로 보행자의 과실을 5%까지 가산할
수 있다.
③ 주택·상점가·학교는 보행자의 횡단이 잦은 곳이므로 보행자의 과실을 5%까지 감산할 수 있다.
④ 어린이·노인·장애인에 대한 보"
과실비율인정기준,44,,,5,,2제6,"제1장.
자동차와
보행자의
사고
자동차사고 과실비율 인정기준 │ 제3편 사고유형별 과실비율 적용기준 043
③ 주택·상점가·학교는 보행자의 횡단이 잦은 곳이므로 보행자의 과실을 5%까지 감산할 수
있다.
④ 어린이·노인·장애인에 대한 보호를 규정한 도로교통법 제11조 내지 제12조의 2의 취지에
비추어 차량은 항상 교통약자인 어린이·노인·장애인의 동태에 대해서 보다 주의를 기울
여야 하는 바, 보행자가 어린이·노인·장애인인 경우에는 보행자의 과실을 5% 감산하고,
어린이·노인·장애인 보호구역 안에서는 차량의 주의의무가 더 높아지므로"
과실비율인정기준,48,보3,⊙ 보3 신호기가 있는 횡단보도에서 황색신호에 교차로를 통과,30,,,"제1장.
자동차와
보행자의
사고
자동차사고 과실비율 인정기준 │ 제3편 사고유형별 과실비율 적용기준 047
사고 상황
⊙ 보3 신호기가 있는 횡단보도에서 황색신호에 교차로를 통과한 차량(직진, 좌회전)이 보행자
신호등 적색신호에 횡단보도를 건너고 있던 보행자를 보행자신호등 녹색(또는 녹색점멸)
신호로 바뀐 상황에서 충격한 사고이다.
⊙ 보4 신호기가 있는 횡단보도에서 황색신호에 교차로에 통과한 차량(직진, 좌회전)이 보행자
신호등 녹색신호에 횡단보도를 건너고 있던 보행자를 보행자신호등 녹색(또는 녹색점멸)
신호가 여전히 켜져 있는 "
과실비율인정기준,51,보5,규제를 받는 우회전)이 보행자신호등 녹색신호에 횡단,40,,2제6,"제1장.
자동차와
보행자의
사고
자동차사고 과실비율 인정기준 │ 제3편 사고유형별 과실비율 적용기준 050
사고 상황
⊙ 보5 신호기가 있는 횡단보도에서 적색신호에 교차로를 통과한 차량(직진, 좌회전, 우회전
규제를 받는 우회전)이 보행자신호등 녹색신호에 횡단보도를 건너고 있던 보행자를 보행자
신호등 녹색(또는 녹색점멸)신호가 여전히 켜져 있는 상황에서 충격한 사고이다.
⊙ 보6 신호기가 있는 횡단보도에서 적색신호에 교차로를 통과한 차량(직진, 좌회전, 우회전
규제를 받는 우회전)이 보행자신호등 적색신호에 횡단보도를 건너고 있던 보"
과실비율인정기준,58,보8,불문)에 진입하려는 차량이 보행자신호등 적색신호에 횡단,70,,,"제1장.
자동차와
보행자의
사고
자동차사고 과실비율 인정기준 │ 제3편 사고유형별 과실비율 적용기준 057
사고 상황
⊙ 보8 신호기가 있는 횡단보도를 통과하여 교차로(단일로를 포함하며, 직선로나 곡선로인지
불문)에 진입하려는 차량이 보행자신호등 적색신호에 횡단보도를 건너고 있던 보행자를
보행자신호등 적색신호가 여전히 켜져 있는 상황에서 충격한 사고이다.
⊙ 보9 신호기가 있는 횡단보도를 통과하여 교차로(단일로를 포함하며, 직선로나 곡선로인지
불문)에 진입하려는 차량이 보행자신호등 적색신호에 횡단보도를 건너고 있던 보행자를
보행자신"
과실비율인정기준,59,,,50,"모든 차 또는 노면전차의 운전자는 차 또는 노면전차의 조향장치와 제동장치, 그 밖의 장치를 정확하게 조작하여야 하며, 도로의 교통상황과 차 또는 노면전차의 구조 및 성능에 따라 다른 사람에게 위험과 장해를 주는 속도나 방법으로 운전하여서는 아니 된다. ⊙ 도로교통법 시행규칙 별표2(신호기가 표시하는 신호의 종류 및 신호의 뜻) 구분 신호의 종류 신호의 뜻 녹색의 등화 보행자는 횡단보도를 횡단할 수 있다. 보행자는 횡단을 시작하여서는 아니 되고, 횡단하고 있는 보행 녹색 등화의 점멸 보행자는 신속하게 횡단을 완료하거나 그 횡단을 중지하고 신호등 보도로 되돌아와야 한다. 적색의 등화 보행자는 횡단보도를 횡단하여서는 아니 된다. 참고 판례 ⊙ 울산지방법원 2014. 1. 24. 선고 2013가단903 판결 야간에 상점가 주변 편도2차로 도로에서 진행신호에 따라 직진하던 B차량이 전방주시를 게을리한 과실로, 보행자 신호가 적색인 상태에서 일행과 함께 횡단보도를 횡단(좌측→우측) 하여 중앙선을 넘어온 A를 충격한 사고 : A과실 50% (주택·상점가:-5",2제6,"제1장.
자동차와
보행자의
사고
자동차사고 과실비율 인정기준 │ 제3편 사고유형별 과실비율 적용기준 058
⊙ 도로교통법 제27조(보행자의 보호)
① 모든 차 또는 노면전차의 운전자는 보행자(제13조의2제6항에 따라 자전거등에서 내려서
자전거등을 끌거나 들고 통행하는 자전거등의 운전자를 포함한다)가 횡단보도를 통행하고
있거나 통행하려고 하는 때에는 보행자의 횡단을 방해하거나 위험을 주지 아니하도록 그
횡단보도 앞(정지선이 설치되어 있는 곳에서는 그 정지선을 말한다)에서 일시정지하여야
한다.
② 모든 차 또는 노면전차의 운전자는 교통"
과실비율인정기준,62,보10,⊙ 보10 신호기가 있는 횡단보도를 통과,10,,2제6,"제1장.
자동차와
보행자의
사고
자동차사고 과실비율 인정기준 │ 제3편 사고유형별 과실비율 적용기준 061
사고 상황
⊙ 보10 신호기가 있는 횡단보도를 통과하여 교차로에 진입하려는 차량이 보행자신호등
녹색신호에 횡단보도를 건너고 있던 보행자를 보행자신호등 녹색(또는 녹색점멸)신호가
여전히 켜져 있는 상황에서 충격한 사고이다.
⊙ 보11 신호기가 있는 횡단보도를 통과하여 교차로에 진입하려는 차량이 보행자신호등 녹색
(또는 녹색점멸)신호에 횡단보도를 건너고 있던 보행자를 보행자신호등 적색신호로 바뀐
상황에서 충격한 사고이다.
기본 과"
과실비율인정기준,68,,,5,,2제6,"제1장.
자동차와
보행자의
사고
자동차사고 과실비율 인정기준 │ 제3편 사고유형별 과실비율 적용기준 067
② 보행자는 보도와 차도의 구분이 없는 도로 중 중앙선이 있는 도로에서는 길 가장자리 또는 길
가장자리구역으로 통행하여야 하므로 이러한 경우 보행자의 과실을 5%까지 감산할 수 있다.
③ 보행자는 보도와 차도가 구분되지 아니한 도로 중 중앙선이 없는 도로에서는 도로의 전
부분으로 통행할 수 있고, 차량 운전자는 보행자와 거리를 두고 진행하는 등 보행자 보호
의무가 있으므로, 이러한 경우에는 보행자의 과실을 15%까지 감산할 수"
과실비율인정기준,69,,,15,,2003. 10. 23. 선고 2003도529 판결; 2003도529; 2007나1417,"제1장.
자동차와
보행자의
사고
자동차사고 과실비율 인정기준 │ 제3편 사고유형별 과실비율 적용기준 068
② 모든 차 또는 노면전차의 운전자는 교통정리를 하고 있는 교차로에서 좌회전이나 우회전을
하려는 경우에는 신호기 또는 경찰공무원등의 신호나 지시에 따라 도로를 횡단하는 보행
자의 통행을 방해하여서는 아니 된다.
⑥ 모든 차의 운전자는 다음 각 호의 어느 하나에 해당하는 곳에서 보행자의 옆을 지나는 경우
에는 안전한 거리를 두고 서행하여야 하며, 보행자의 통행에 방해가 될 때에는 서행하거나
일시정지하여 보행자가 안전하게 통행할 "
과실비율인정기준,71,보19,기준을 적용한다. 교차로에서 우회전 신호기에 의해 우회전 하 는 차량과의 사고는 보,10,,,"제1장.
자동차와
보행자의
사고
자동차사고 과실비율 인정기준 │ 제3편 사고유형별 과실비율 적용기준 070
수정요소(인과관계를 감안한 과실비율 조정) 해설
① 사고가 야간에 발생하였거나 차량에게 기타 시야장애가 있었던 경우 또는 사고 발생지가
간선도로인 경우에는 차량의 주의의무가 경감되므로 보행자의 과실을 10%까지 가산할
수 있다.
② 보·차도의 구분이 있고 표지 등에 의해 횡단금지라는 것을 쉽게 인식할 수 있는 것을 전제로
보행자의 과실을 가산하며, 횡단을 금지하는 안전표지만 있는 경우에는 10% 가산하고
가드레일이나 펜스등의 "
과실비율인정기준,75,보15,신호기가 있는 교차로에서 황색신호에 교차로 및 횡단보도를 직진 또는 좌회전으로 통과한 차량이 신호기가 있는 횡단보도 부근을 건너고 있던 보행자를 충격한 사고이다. ⊙ 보,10,,,"제1장.
자동차와
보행자의
사고
자동차사고 과실비율 인정기준 │ 제3편 사고유형별 과실비율 적용기준 074
사고 상황
⊙ 보15 신호기가 있는 교차로에서 황색신호에 교차로 및 횡단보도를 직진 또는 좌회전으로
통과한 차량이 신호기가 있는 횡단보도 부근을 건너고 있던 보행자를 충격한 사고이다.
⊙ 보16 신호기가 있는 교차로에서 녹색신호에 교차로 및 횡단보도를 직진 또는 좌회전으로
통과한 차량이 보행자신호등 적색신호에 횡단보도 부근을 건너고 있던 보행자를 충격한
사고이다.
기본 과실비율 해설
⊙ 보15 횡단보도를 벗어난 지점에서 보행자"
과실비율인정기준,79,보17,신호기가 있는 횡단보도 부근에서 우회전차 규제신호기 적색신호에 우회전하여 교차로 및 횡단보도를 통과한 차량이 횡단보도 부근을 건너고 있던 보행자를 충격한 사고이다. ⊙ 보,10,,,"제1장.
자동차와
보행자의
사고
자동차사고 과실비율 인정기준 │ 제3편 사고유형별 과실비율 적용기준 078
사고 상황
⊙ 보17 신호기가 있는 횡단보도 부근에서 우회전차 규제신호기 적색신호에 우회전하여 교차로
및 횡단보도를 통과한 차량이 횡단보도 부근을 건너고 있던 보행자를 충격한 사고이다.
⊙ 보18 신호기가 있는 횡단보도 부근에서 우회전차 규제신호기 녹색신호에 우회전하여
교차로 및 횡단보도를 통과한 차량이 보행자신호등 적색신호에 횡단보도 부근을 건너고
있던 보행자를 충격한 사고이다.
기본 과실비율 해설
⊙ 보17 우회전차량 규제"
과실비율인정기준,83,,,10,,2제6,"제1장.
자동차와
보행자의
사고
자동차사고 과실비율 인정기준 │ 제3편 사고유형별 과실비율 적용기준 082
수정요소(인과관계를 감안한 과실비율 조정) 해설
① 보·차도의 구분이 있고 표지 등에 의해 횡단금지라는 것을 쉽게 인식할 수 있는 것을 전제로
보행자의 과실을 가산하며, 횡단을 금지하는 안전표지만 있는 경우에는 10%를 가산하고
가드레일이나 펜스 등의 횡단금지시설이 설치되어 있는 경우에는 20%를 가산할 수 있다.
다만, 횡단금지 규제표지가 있으나 시설물 노후, 가로수, 기타 시설물 등으로 인하여 인식
되기 어려운 경우에는 보"
과실비율인정기준,86,보20,차량이 신호등이 없는 통상의 횡단보도 부근에서 도로를 건너고 있던 보행자를 충격한 사고이다. ⊙ 보,20,,,"제1장.
자동차와
보행자의
사고
자동차사고 과실비율 인정기준 │ 제3편 사고유형별 과실비율 적용기준 085
사고 상황
⊙ 보20 차량이 신호등이 없는 통상의 횡단보도 부근에서 도로를 건너고 있던 보행자를 충격한
사고이다.
⊙ 보21 차량이 직진 중 육교 및 지하도 부근에서 도로를 건너고 있던 보행자를 충격한 사고
이다.
기본 과실비율 해설
⊙ 보20 신호등이 없는 통상의 횡단보도 부근의 사고이므로 차량의 신호위반 과실은 없으나,
도로교통법 제27조 제1항에 따라 차량이 보행자를 보호할 의무가 있으므로 횡단보도를
벗어난 지점에서 도로"
과실비율인정기준,87,,,15,,,"제1장.
자동차와
보행자의
사고
자동차사고 과실비율 인정기준 │ 제3편 사고유형별 과실비율 적용기준 086
⑥ 차량 운전자는 어린이·노인·장애인보호구역에서 보행자보호의무가 가중되므로 보행자의
과실을 15%까지 감산할 수 있고, 다만 어린이보호구역내에 신호기가 설치되지 않은 횡단
보도(정지선이 설치된 경우에는 그 정지선을 말한다)에서는 보행자의 횡단 여부와 관계없이
일시정지의무가 있으므로, 이러한 경우에는 좀 더 보행자보호의무를 가중하여 보행자의
과실을 30%까지 감산할 수 있다.
⑦ 다른 차량이 모두 정지선에 정지하고 있음에도 불구"
과실비율인정기준,88,,,50,,2009나382,"제1장.
자동차와
보행자의
사고
자동차사고 과실비율 인정기준 │ 제3편 사고유형별 과실비율 적용기준 087
⊙ 도로교통법 제10조(도로의 횡단)
② 보행자는 제1항에 따른 횡단보도, 지하도, 육교나 그 밖의 도로 횡단시설이 설치되어 있는
도로에서는 그곳으로 횡단하여야 한다. 다만, 지하도나 육교 등의 도로 횡단시설을 이용할
수 없는 지체장애인의 경우에는 다른 교통에 방해가 되지 아니하는 방법으로 도로 횡단
시설을 이용하지 아니하고 도로를 횡단할 수 있다.
⊙ 도로교통법 제27조(보행자의 보호)
⑥ 모든 차의 운전자는 다음 각 호의 "
과실비율인정기준,91,,,10,,,"제1장.
자동차와
보행자의
사고
자동차사고 과실비율 인정기준 │ 제3편 사고유형별 과실비율 적용기준 090
수정요소(인과관계를 감안한 과실비율 조정) 해설
① 간선도로 교차로의 경우에는 운전자에게 보행자횡단의 예견가능성이 적으므로 보행자의
과실을 10%까지 가산할 수 있다.
② 교차로를 가로질러 대각선으로 횡단하는 경우에는 보행자의 과실이 더욱 크므로 보행자의
과실을 10%까지 가산할 수 있다.
③ 보·차도의 구분이 있고 표지 등에 의해 횡단금지라는 것을 쉽게 인식할 수 있는 것을 전제로
보행자의 과실을 가산하며, 횡단을 금지하는 "
과실비율인정기준,99,보25,도로공사 등으로 인하여 보행자가 보도를 통행하는 것이 불가능하여 부득이 차도를 통행한 경우에 차도를 통행하였다는 점을 감안하여 보행자의 기본 과실비율을,10,,,"제1장.
자동차와
보행자의
사고
자동차사고 과실비율 인정기준 │ 제3편 사고유형별 과실비율 적용기준 098
⊙ 보25 도로공사 등으로 인하여 보행자가 보도를 통행하는 것이 불가능하여 부득이 차도를
통행한 경우에 차도를 통행하였다는 점을 감안하여 보행자의 기본 과실비율을 10%로
정하였다.
⊙ 보26 도로교통법 제8조 제1항 단서에 의거한 부득이한 경우가 아님에도 보행자가
차도를 통행한 경우에 보행자의 과실을 가산하여야 하는데, 차도측단을 보행한 경우에는
보행자의 기본 과실비율을 20%, 그 외의 경우에는 보행자의 기본 과실비율을 3"
과실비율인정기준,102,,,5,,,"제1장.
자동차와
보행자의
사고
자동차사고 과실비율 인정기준 │ 제3편 사고유형별 과실비율 적용기준 101
수정요소(인과관계를 감안한 과실비율 조정) 해설
① 보도와 차도의 구분이 없는 도로 중 중앙선이 없는 도로인 경우에는 보행자는 도로의 전부
분을 통행할 수 있고, 차량 운전자는 보행자와 거리를 두고 진행하는 등 보행자 보호의무가
있으므로, ㄹ자 보행을 하는 경우라도 보행자의 과실을 5%까지 가산할 수 있다.
② 보행자는 도로교통법 제8조 제3항 단서에 따라 고의로 차량의 진행을 방해해서는 아니
되므로, 이러한 경우 보행자의 과"
과실비율인정기준,129,,,10,,97다14187,"제2장.
자동차와
자동차(이륜차
포함)의
사고
자동차사고 과실비율 인정기준 │ 제3편 사고유형별 과실비율 적용기준 128
대법원 1997. 6. 27., 선고, 97다14187 판결
자기 차량이 통행하고 있는 도로의 폭보다 교차하는 도로의 폭이 넓은지 여부는 통행 우선순위를
결정하는 중요한 기준이 되므로 이를 엄격히 해석·적용할 것이 요구되는 한편, 차량이 교차로를
통행하는 경우 그 통행하고 있는 도로와 교차하는 도로의 폭의 차가 근소한 때에는 눈의 착각 등에
의하여 그 어느 쪽이 넓은 지를 곧바로 식별하기 어려운 경우가 적지 않으"
과실비율인정기준,130,,,3,,,"제2장.
자동차와
자동차(이륜차
포함)의
사고
자동차사고 과실비율 인정기준 │ 제3편 사고유형별 과실비율 적용기준 129
① 졸음운전, 한눈팔기 등 전방주시의무 위반이 심하거나 핸들 또는 브레이크 조작이 늦은 경우
② 음주운전으로 형사처벌 받지 않는 혈중알코올농도 0.03% 미만의 음주운전
③ 시속 20㎞ 미만 제한속도 위반
④ 야간이나 비 오는 날 등 시야가 좋지 않은 상황에서 차량 유리의 암도가 높은 차량을 운전하는 경우
야간 교통안전에 지장을 주는 차량 유리의 암도인 가시광선 투과율 기준은 도로교통법 제49
조 1항 3호, 동"
과실비율인정기준,131,,,20,,,"제2장.
자동차와
자동차(이륜차
포함)의
사고
자동차사고 과실비율 인정기준 │ 제3편 사고유형별 과실비율 적용기준 130
1) 지리안내 영상 또는 교통정보안내 영상
2) 국가비상사태·재난상황 등 긴급한 상황을 안내하는 영상
3) 운전을 할 때 자동차등 또는 노면전차의 좌우 또는 전후방을 볼 수 있도록 도움을 주는
영상
11의 2. 자동차등 또는 노면전차의 운전 중에는 영상표시장치를 조작하지 아니할 것. 다만, 다음
각 목의 어느 하나에 해당하는 경우에는 그러하지 아니하다.
가. 자동차등과 노면전차가 정지하고 있는 경우
나. 노면전차"
과실비율인정기준,133,차1,,0,,,"제2장.
자동차와
자동차(이륜차
포함)의
사고
자동차사고 과실비율 인정기준 │ 제3편 사고유형별 과실비율 적용기준 132
도로교통법 제46조의3(난폭운전 금지)
자동차등(개인형 이동장치는 제외한다)의 운전자는 다음 각 호 중 둘 이상의 행위를 연달아 하거나,
하나의 행위를 지속 또는 반복하여 다른 사람에게 위협 또는 위해를 가하거나 교통상의 위험을 발생
하게 하여서는 아니 된다.
1. 제5조에 따른 신호 또는 지시 위반
2. 제13조제3항에 따른 중앙선 침범
3. 제17조제3항에 따른 속도의 위반
4. 제18조제1항에 따른 횡단·유"
과실비율인정기준,136,,,30,,,"제2장.
자동차와
자동차(이륜차
포함)의
사고
자동차사고 과실비율 인정기준 │ 제3편 사고유형별 과실비율 적용기준 135
- 선진입한 사실은 양 차량이 비슷한 속도임에 해당함을 전제로 해서 분명해야 하고, 상대적
으로 속도가 빨라 순간적으로 선진입한 것은 원칙적으로 동시진입으로 본다.
- 또한, 진입거리는 차량의 속력에 비례하고 일시정지나 서행의무 이행 여부에 따라 달라
질 수 있으므로, 무조건 교차로의 (가상)정지선에서 사고 지점까지 진입거리가 많다고
하여 선진입했다고 인정할 수는 없고, 사고 차량의 진입거리는 당시 속력에 비례하"
과실비율인정기준,144,,,20,,1997. 9. 30. 선고 97다24276 판결; 97다24276,"제2장.
자동차와
자동차(이륜차
포함)의
사고
자동차사고 과실비율 인정기준 │ 제3편 사고유형별 과실비율 적용기준 143
교차로로 진입하는 차량이 서행 또는 주의할 것이라고 기대하는 것이 일반적이기 때문이다.
- 신호 없는 삼거리(T자) 교차로에서 회전차와 회전차 사이의 사고에서는 양 차량이 모두
회전차량이므로 양 차량에게 과실을 가산하지는 않는다. 교차로 건너편으로 직진할 수
없는 막다른 길에서 삼거리(T자) 교차로로 진입하려는 좌·우회전차는 직진도로를 통행
하는 차량만 주의하면 충분하므로 사거리(十자) 교차로보다 주의하기가 더 "
과실비율인정기준,145,,,10,,,"제2장.
자동차와
자동차(이륜차
포함)의
사고
자동차사고 과실비율 인정기준 │ 제3편 사고유형별 과실비율 적용기준 144
- 다만, 상대방 차량의 급격한 진행 등으로 이를 피하지 않았더라면 충격(접촉)사고가
발생했을 것으로 예상되는 경우까지 비충격(접촉)으로 인해 손해가 확대된 차량 측의
과실을 가산할 것은 아니다.
② 이륜차, 대형차 – 소위 우자(優者) 위험 부담론 : 이륜(-)5~ 10% / 대형(+)5%
- 우자(優者) 위험 부담론이란 ‘차종에 있어서 가해의 위험성이 보다 큰 차량은 그보다 작은
차량에 비하여 보다 가중된 책"
과실비율인정기준,154,,,70,,1995. 10. 13. 선고 95다29369 판결; 1994. 6. 14. 선고 93다57520 판결; 95다29369; 93다57520,"제2장.
자동차와
자동차(이륜차
포함)의
사고
자동차사고 과실비율 인정기준 │ 제3편 사고유형별 과실비율 적용기준 153
⊙ 도로교통법 시행규칙 별표2(신호기가 표시하는 신호의 종류 및 신호의 뜻)
구분 신호의 종류 신호의 뜻
1. 차마는 직진 또는 우회전할 수 있다.
녹색의 등화 2. 비보호좌회전표지 또는 비보호좌회전표시가 있는 곳에서는
좌회전할 수 있다.
1. 차마는 정지선이 있거나 횡단보도가 있을 때에는 그 직전이나
교차로의 직전에 정지하여야 하며, 이미 교차로에 차마의 일부라도
황색의 등화 진입한 경우에는 신속히 교차로 밖으"
과실비율인정기준,159,,,50,,,"제2장.
자동차와
자동차(이륜차
포함)의
사고
자동차사고 과실비율 인정기준 │ 제3편 사고유형별 과실비율 적용기준 158
관련 법규
⊙ 도로교통법 제5조(신호 또는 지시에 따를 의무)
① 도로를 통행하는 보행자, 차마 또는 노면전차의 운전자는 교통안전시설이 표시하는 신호
또는 지시와 다음 각 호의 어느 하나에 해당하는 사람이 하는 신호 또는 지시를 따라야 한다.
1. 교통정리를 하는 경찰공무원(의무경찰을 포함한다. 이하 같다) 및 제주특별자치도의 자치경찰
공무원(이하 “자치경찰공무원”이라 한다)
2. 경찰공무원(자치경찰공무원을 포함"
과실비율인정기준,162,,,10,,2014나9524,"제2장.
자동차와
자동차(이륜차
포함)의
사고
자동차사고 과실비율 인정기준 │ 제3편 사고유형별 과실비율 적용기준 161
⊙ 도로교통법 제26조(교통정리가 없는 교차로에서의 양보운전)
① 교통정리를 하고 있지 아니하는 교차로에 들어가려고 하는 차의 운전자는 이미 교차로에
들어가 있는 다른 차가 있을 때에는 그 차에 진로를 양보하여야 한다.
② 교통정리를 하고 있지 아니하는 교차로에 들어가려고 화는 자의 은전자는 그 자가 통행하
고 있는 도로의 폭보다 교차하는 도로의 폭이 넓은 경우에는 서행하여야 하며, 폭이 넓은
도로로부터 교차로에"
과실비율인정기준,165,,,0,,,"제2장.
자동차와
자동차(이륜차
포함)의
사고
자동차사고 과실비율 인정기준 │ 제3편 사고유형별 과실비율 적용기준 164
관련 법규
⊙ 도로교통법 제5조(신호 또는 지시에 따를 의무)
① 도로를 통행하는 보행자, 차마 또는 노면전차의 운전자는 교통안전시설이 표시하는 신호
또는 지시와 다음 각 호의 어느 하나에 해당하는 사람이 하는 신호 또는 지시를 따라야 한다.
1. 교통정리를 하는 경찰공무원(의무경찰을 포함한다. 이하 같다) 및 제주특별자치도의 자치경찰
공무원(이하 “자치경찰공무원”이라 한다)
2. 경찰공무원(자치경찰공무원을 포함"
과실비율인정기준,171,,,40,,86나2674,"제2장.
자동차와
자동차(이륜차
포함)의
사고
자동차사고 과실비율 인정기준 │ 제3편 사고유형별 과실비율 적용기준 170
관련 법규
⊙ 도로교통법 제5조(신호 또는 지시에 따를 의무)
① 도로를 통행하는 보행자, 차마 또는 노면전차의 운전자는 교통안전시설이 표시하는 신호
또는 지시와 다음 각 호의 어느 하나에 해당하는 사람이 하는 신호 또는 지시를 따라야 한다.
1. 교통정리를 하는 경찰공무원(의무경찰을 포함한다. 이하 같다) 및 제주특별자치도의 자치경찰
공무원(이하 “자치경찰공무원”이라 한다)
2. 경찰공무원(자치경찰공무원을 포함"
과실비율인정기준,179,차2,"녹색신호에 비보호 좌회전하고, 맞은편에서 B차량이 녹색신호에 교차로를 직진 진입",,"B차량 진행 방향에서 교차로 통과 전 좌측에 차량들이 일시정지나 정차하고 있어 교차로 진입 시 맞은편 차량이 잘 보이지 않는 경우에는 교차로 내에서 좌회전하는 A차량을 발견 (인지)하기 어렵고, A차량은 교차로로 좌회전을 함에 있어 맞은편에서 신호에 따라 교차로를 직진하는 차량을 보다 주의 깊게 살피면서 좌회전을 해야 하므로 이런 상황에서는 B차량 과실을 감산할 수 있다. 활용시 참고 사항 ⊙ 본 기준은 좌회전차량 방향에 비보호좌회전표지가 있는 교차로에서, 좌회전차량인 A차량이 녹색신호에 비보호 좌회전하고, 맞은편에서 B차량이 녹색신호에 교차로를 직진 진입한 경우에만 적용된다. ⊙ A차량이 적색신호에 좌회전 진입하고, 맞은편에서 B차량이 녹색신호에 교차로를 직진 진입한 경우에는 신호위반 좌회전으로 차2:-2",,"제2장.
자동차와
자동차(이륜차
포함)의
사고
자동차사고 과실비율 인정기준 │ 제3편 사고유형별 과실비율 적용기준 178
⊙ 맞은편에서 좌회전 자체가 금지되는 것이 아닌 허용되는 것인 반면, B차량이 녹색신호에
교차로 진입한 점과 A 차량이 맞은편에서 진행하는 차량으로 직진차량의 통행 방해 정도가
큰 점을 감안하여 양 차량의 기본 과실비율을 90:10으로 정하였다.
수정요소(인과관계를 감안한 과실비율 조정) 해설
⊙ 현저한 과실과 중과실은 제3편 제2장 3. 수정요소의 해설 부분을 참조한다.
⊙ 좌회전 차량인 A차량의 명확한 선진입"
과실비율인정기준,208,차4,회전(대우회전)하는 행위는 좌회전 차량으로 하여금 회전반경을 예측하기 어렵게 하여 사고,,우회전 전방 교차로 신호가 적색인 경우 우회전 하기 전에 일시정지를 해야 하므로 이를 위반하여 일시정지를 하지 않고 우회전하면 과실을 가산할 수 있다. ⊙ 제3편 제2장 3. 수정요소의 해설 부분을 참조한다. 활용시 참고 사항 ⊙ 신호기에 의해 교통정리가 이루어지고 있는 교차로에서 A차량이 좌회전 신호에 따라 좌회 전을 하고 B차량은 전방 적색신호에 우회전하는 경우에 본 기준을 적용한다. B차량의 전방 적색신호가 유지되고 있는 사이 우회전 삼색등이 녹색일 때 우회전하는 경우도 동일하다. ⊙ B차량이 전방 녹색신호에 우회전할 경우에는 맞은편에 A차량은 신호체계상 좌회전이 금지 될 수 밖에 없는데 예외적으로 비보호좌회전이 가능할 수 있고 이 때에는 차4:-2,,"제2장.
자동차와
자동차(이륜차
포함)의
사고
자동차사고 과실비율 인정기준 │ 제3편 사고유형별 과실비율 적용기준 207
행위이므로, 이를 위반한 차량의 과실을 대좌회전한 위반차로수를 감안하여 중복해서
가산할 수 있다. B가 정상적인 우회전 궤도로 회전하지 않고 정상 궤도를 이탈하여 크게
회전(대우회전)하는 행위는 좌회전 차량으로 하여금 회전반경을 예측하기 어렵게 하여 사고
위험을 가중하는 행위이므로, 이를 위반한 차량의 과실을 대우회전한 위반차로수를 감안
하여 중복해서 가산할 수 있다
② 정상적인 궤도로 좌회전/우회전을 한 직후 "
과실비율인정기준,217,,,20,,1998. 2. 10. 선고 97다35894 판결; 2015.11.12 선고 2015도3107 판결; 2015.11.12; 2001나4136; 97다35894,"제2장.
자동차와
자동차(이륜차
포함)의
사고
자동차사고 과실비율 인정기준 │ 제3편 사고유형별 과실비율 적용기준 216
⊙ 도로교통법 시행규칙 별표3(신호등의 종류, 만드는 방식 및 설치기준)
구분 종류 설치기준
·보 행자와 우회전 차량 간의 상충이 빈번한 경우 설치할 수 있다.
·동 일 동일 장소에서 1년 동안 3건 이상의 우회전 차량에 의한 사고가
발생한 경우 설치할 수 있다.
차량 신호등 우회전 삼색등
·대 각선 횡단보도가 운영되는 경우나 좌측에서 접근하는 차량에 대한
확인이 어려운 경우 설치할 수 있다.
·도 로의 우측면에"
과실비율인정기준,225,,,95,,2002. 9. 6. 선고 2002다38767 판결; 93나5567; 2002다38767,"제2장.
자동차와
자동차(이륜차
포함)의
사고
자동차사고 과실비율 인정기준 │ 제3편 사고유형별 과실비율 적용기준 224
⊙ 도로교통법 시행규칙 별표2(신호기가 표시하는 신호의 종류 및 신호의 뜻)
구분 신호의 종류 신호의 뜻
1. 차마는 직진 또는 우회전할 수 있다.
녹색의 등화 2. 비보호좌회전표지 또는 비보호좌회전표시가 있는 곳에서는
좌회전할 수 있다.
1. 차마는 정지선이 있거나 횡단보도가 있을 때에는 그 직전이나
교차로의 직전에 정지하여야 하며, 이미 교차로에 차마의 일부라도
황색의 등화 진입한 경우에는 신속히 교차로 밖으"
과실비율인정기준,233,,,10,,2000. 2. 25. 선고 99다31704 판결; 99다31704,"제2장.
자동차와
자동차(이륜차
포함)의
사고
자동차사고 과실비율 인정기준 │ 제3편 사고유형별 과실비율 적용기준 232
수정요소(인과관계를 감안한 과실비율 조정) 해설
① 도로교통법 제31조에 따라 A차량이 서행하지 않는 경우에는 A차량의 과실을 가산할 수
있다. 다만, 제한속도를 초과한 사실이 있는 경우에는 서행불이행과 속도위반 과실을 중복
적용하지 아니한다.
② 좌회전차량이 일시정지를 하였으나 좌우의 안전 확인이 불충분했던 경우이다. 좌회전차량이
일시 정지한 경우에는 직진차량과 충돌을 회피할 여지가 크므로 좌회전차량인 B차량의"
과실비율인정기준,243,,,20,,99다31704; 2001나4136; 2016나57456,"제2장.
자동차와
자동차(이륜차
포함)의
사고
자동차사고 과실비율 인정기준 │ 제3편 사고유형별 과실비율 적용기준 242
⊙ 도로교통법 제31조(서행 또는 일시정지할 장소)
① 모든 차 또는 노면전차의 운전자는 다음 각 호의 어느 하나에 해당하는 곳에서는 서행
하여야 한다.
2. 교통정리를 하고 있지 아니하는 교차로
② 모든 차 또는 노면전차의 운전자는 다음 각 호의 어느 하나에 해당하는 곳에서는 일시정지
하여야 한다.
1. 교통정리를 하고 있지 아니하고 좌우를 확인할 수 없거나 교통이 빈번한 교차로
2. 시·도 경찰청장이 도로에서"
과실비율인정기준,260,,,10,,,"제2장.
자동차와
자동차(이륜차
포함)의
사고
자동차사고 과실비율 인정기준 │ 제3편 사고유형별 과실비율 적용기준 259
만약 B차량이 이를 위반하거나 기타 이에 준하는 과실이 인정되면 10%까지 가산할
수 있다.
⊙ 제3편 제2장 3. 수정요소의 해설 부분을 참조한다.
활용시 참고 사항
⊙ 방향을 표시하는 노면표시와 함께 특정행위를 금지하는 노면표시가 없는 경우 도로교통법
상 규정되어 있지 않은 한 그 특정행위가 금지된 것이 아니다.
⊙ 교차로 통과 전과 통과 후의 차로 개수가 동일하거나 많은 경우에 적용한다.
⊙ B차량이 직진 "
과실비율인정기준,273,,,70,,1997. 6. 27. 선고 97다14187 판결; 2018다44045; 86나4880; 97다14187,"제2장.
자동차와
자동차(이륜차
포함)의
사고
자동차사고 과실비율 인정기준 │ 제3편 사고유형별 과실비율 적용기준 272
참고 판례
⊙ 서울중앙지방법원 2018.11.14. 선고 2018다44045 판결
신호등이 없고 대·소로가 구별되는 교차로에서 대로를 이용한 A차량과 소로를 이용한 B차량
이 동시에 교차로에 진입하다가 발생한 사고: B과실 70%
⊙ 부산지방법원 울산지원 1994. 5. 26. 선고 93가단23533 판결
야간에 신호기 없는 사거리(十자) 교차로에서 B차량이 편도1차로의 도로(대로)에서 직진하던
중, 차선표시가 "
과실비율인정기준,283,,,40,,1997. 6. 27. 선고 97다14187 판결; 1999. 8. 24. 선고 99다21264 판결; 97다14187; 99다21264,"제2장.
자동차와
자동차(이륜차
포함)의
사고
자동차사고 과실비율 인정기준 │ 제3편 사고유형별 과실비율 적용기준 282
참고 판례
⊙ 대법원 1997. 6. 27. 선고 97다14187 판결
자기 차량이 통행하고 있는 도로의 폭보다 교차하는 도로의 폭이 넓은지 여부는 통행 우선
순위를 결정하는 중요한 기준이 되므로 이를 엄격히 해석·적용할 것이 요구되는 한편, 차량이
교차로를 통행하는 경우 그 통행하고 있는 도로와 교차하는 도로 폭의 차가 근소한 때에는
눈의 착각 등에 의하여 그 어느 쪽이 넓은지를 곧바로 식별하기 어려운 경우가 "
과실비율인정기준,295,차16,② 신호기에 의해 교통정리가 행하여지고 있지 않는 삼거리(T자) 교차로 직진 대,10,,,"제2장.
자동차와
자동차(이륜차
포함)의
사고
자동차사고 과실비율 인정기준 │ 제3편 사고유형별 과실비율 적용기준 294
사고 상황
⊙ 차16-1 신호기에 의해 교통정리가 이루어지고 있지 않는 동일 폭의 교차로에서 직진하는
A차량과 A차량의 진행방향 오른쪽 도로에서 좌회전 진입하는 B차량이 충돌한 사고이다.
⊙ 차16-2 신호기에 의해 교통정리가 이루어지고 있지 않은 교차로에서 직진하는 A차량과
A차량의 진행방향 왼쪽 도로에서 좌회전 진입하는 B차량이 충돌한 사고이다.
기본 과실비율 해설
⊙ 차16-1 도로교통법 제26조 제4항에 "
과실비율인정기준,296,차16,직진하던 A차량의 앞부분과 B차량의 왼쪽 중간부위가 충돌한 사고,65,모든 차 또는 노면전차의 운전자는 다음 각 호의 어느 하나에 해당하는 곳에서는 일시정지 하여야 한다. 1. 교통정리를 하고 있지 아니하고 좌우를 확인할 수 없거나 교통이 빈번한 교차로 참고 판례 ⊙ 서울지방법원 북부지원 1993. 8. 2. 선고 92가단2008 판결 (차16:-1,93나8778,"제2장.
자동차와
자동차(이륜차
포함)의
사고
자동차사고 과실비율 인정기준 │ 제3편 사고유형별 과실비율 적용기준 295
행하면서 교차로의 중심 안쪽을 이용하여 좌회전하여야 한다. 다만, 시·도 경찰청장이
교차로의 상황에 따라 특히 필요하다고 인정하여 지정한 곳에서는 교차로의 중심 바깥쪽을
통과할 수 있다.
⊙ 도로교통법 제26조(교통정리가 없는 교차로에서의 양보운전)
① 교통정리를 하고 있지 아니하는 교차로에 들어가려고 하는 차의 운전자는 이미 교차로에
들어가 있는 다른 차가 있을 때에는 그 차에 진로를 양보하여야 한다.
③ 교통"
과실비율인정기준,300,,,80,,1997. 6. 27. 선고 97다14187 판결; 97다14187,"제2장.
자동차와
자동차(이륜차
포함)의
사고
자동차사고 과실비율 인정기준 │ 제3편 사고유형별 과실비율 적용기준 299
행하면서 교차로의 중심 안쪽을 이용하여 좌회전하여야 한다. 다만, 시·도 경찰청장이
교차로의 상황에 따라 특히 필요하다고 인정하여 지정한 곳에서는 교차로의 중심 바깥쪽을
통과할 수 있다.
⊙ 도로교통법 제26조(교통정리가 없는 교차로에서의 양보운전)
① 교통정리를 하고 있지 아니하는 교차로에 들어가려고 하는 차의 운전자는 이미 교차로에
들어가 있는 다른 차가 있을 때에는 그 차에 진로를 양보하여야 한다.
② 교통"
과실비율인정기준,301,차16,시간적으로 교차로에 먼저 진입,30,,1996. 5. 10. 선고 96다7564 판결; 96다7564; 2017나76793,"제2장.
자동차와
자동차(이륜차
포함)의
사고
자동차사고 과실비율 인정기준 │ 제3편 사고유형별 과실비율 적용기준 300
넓다고 일견하여 분별할 수 있는 경우를 의미한다고 해석함이 상당하므로, 실측상의 노폭
(차도 부분)이 9.5m와 11m로 1.5m의 근소한 노폭의 차이가 있으나 위 두 도로 모두 대전직
할시 (현재 대전광역시) 둔산신시가지의 중심도로로서 모두 편도 3차로의 차도와 보도의 구별이
있는 사실을 알 수 있는바, 11m 도로가 폭이 넓은 도로에 해당하여 통행우선권을 인정하는
것은 위법하다.(도로폭 구분 기준)
⊙ 대법원"
과실비율인정기준,308,,,20,,,"제2장.
자동차와
자동차(이륜차
포함)의
사고
자동차사고 과실비율 인정기준 │ 제3편 사고유형별 과실비율 적용기준 307
이를 위반한 행위(서행불이행, 신호불이행 또는 지연, 소(대)좌회전)를 한 차량의 과실을
가산할 수 있다.
② 도로교통법 제6조에 따라 시·도경찰청장이 차마의 통행을 금지하거나 제한한 장소에서 좌
회전한 경우에는 과실이 더 중하므로 이를 위반한 차량의 과실을 20%까지 가산할 수 있다.
⊙ 제3편 제2장 3. 수정요소의 해설 부분을 참조한다.
관련 법규
⊙ 도로교통법 제6조(통행의 금지 및 제한)
① 시·도경찰청"
과실비율인정기준,309,,,40,,1997. 6. 27. 선고 97다14187 판결; 1996. 5. 10. 선고 96다7564 판결; 97다14187; 96다7564; 2017나76793,"제2장.
자동차와
자동차(이륜차
포함)의
사고
자동차사고 과실비율 인정기준 │ 제3편 사고유형별 과실비율 적용기준 308
참고 판례
⊙ 대법원 1997. 6. 27. 선고 97다14187 판결
자기 차량이 통행하고 있는 도로의 폭보다 교차하는 도로의 폭이 넓은지 여부는 통행 우선
순위를 결정하는 중요한 기준이 되므로 이를 엄격히 해석·적용할 것이 요구되는 한편, 차량이
교차로를 통행하는 경우 그 통행하고 있는 도로와 교차하는 도로 폭의 차가 근소한 때에는 눈의
착각 등에 의하여 그 어느 쪽이 넓은지를 곧바로 식별하기 어려운 경우가 "
과실비율인정기준,319,차20,"(안쪽 차량)이 회전반경을 넓게 대우회전을 하게 되면, 상대",10,"양 차량의 각자의 우회전 폭은 그리 좁지 않으나 정체 상황에서 왼쪽차량(바깥 차량)이 무리하게 오른쪽차량(안쪽 차량)의 앞쪽으로 끼어들어 진로를 방해한다거나 오른쪽차량 (안쪽 차량)이 도로 가장자리와 왼쪽차량(바깥 차량) 사이로 끼어드는 경우에는 상대 차량 의 정상적인 회전반경을 침해하게 되어 충돌에 이르게 되므로 이를 위반한 차량의 과실을 가산할 수 있다. ⊙ 제3편 제2장 3. 수정요소의 해설 부분을 참조한다. 활용시 참고 사항 ⊙ B차량이 앞에 나아가 먼저(선행하여) 우회전 대기 중인데, 그 우측 빈 공간이 ‘매우’ 좁은데도 A차량이 무리하게 나중에 진입하였다가 B차량이 우회전 출발하면서 그 회전반경으로 발생한 사고는 차20:-2",,"제2장.
자동차와
자동차(이륜차
포함)의
사고
자동차사고 과실비율 인정기준 │ 제3편 사고유형별 과실비율 적용기준 318
등화로써 그 행위가 끝날 때까지 신호를 하여야 하므로, 이를 위반한 행위(서행불이행,
신호불이행 또는 지연, 차로 침범 포함)를 차량의 과실을 가산할 수 있다.
② 우회전의 경우 B왼쪽차량(바깥 차량)이 회전반경을 좁게 소우회전을 하거나 A오른쪽차량
(안쪽 차량)이 회전반경을 넓게 대우회전을 하게 되면, 상대 차량의 정상적인 회전반경을
침해하게 되어 충돌에 이르게 되므로 이와 같은 좁거나 넓게 회전을 한 차량의 "
과실비율인정기준,323,,,70,,2018나1130,"제2장.
자동차와
자동차(이륜차
포함)의
사고
자동차사고 과실비율 인정기준 │ 제3편 사고유형별 과실비율 적용기준 322
⊙ 도로교통법 제38조(차의 신호)
① 모든 차의 운전자는 좌회전·우회전·횡단·유턴·서행·정지 또는 후진을 하거나 같은 방향으로
진행하면서 진로를 바꾸려고 하는 경우에는 손이나 방향지시기 또는 등화로써 그 행위가
끝날 때까지 신호를 하여야 한다.
⊙ 도로교통법 시행령 별표2(신호의 시기 및 방법 [제21조 관련])
신호를 하는 경우 신호를 하는 시기 신호의 방법
1. 좌회전·횡단·유턴 또는 같은 그 행위를 하려는"
과실비율인정기준,327,,,70,,2018나56945; 2015나60480,"제2장.
자동차와
자동차(이륜차
포함)의
사고
자동차사고 과실비율 인정기준 │ 제3편 사고유형별 과실비율 적용기준 326
② 모든 차의 운전자는 교차로에서 좌회전을 하려는 경우에는 미리 도로의 중앙선을 따라
서행하면서 교차로의 중심 안쪽을 이용하여 좌회전하여야 한다. 다만, 시·도경찰청장이
교차로의 상황에 따라 특히 필요하다고 인정하여 지정한 곳에서는 교차로의 중심 바깥쪽을
통과할 수 있다.
⊙ 도로교통법 제26조(교통정리가 없는 교차로에서의 양보운전)
① 교통정리를 하고 있지 아니하는 교차로에 들어가려고 하는 차의 운전자는 이미 "
과실비율인정기준,329,차31,,10,"추월금지장소나 이중추월처럼 추월 자체가 금지되는 경우 상대 차량은 이를 위반하여 추월하지 않으리라고 신뢰하는 것이 일반적이므로 이를 위반한 B차량의 과실을 10%까지 가산할 수 있다. 활용시 참고 사항 ⊙ 맞은편 주행방향에서 진행하던 차량이 차도가 아닌 장소로 나가기 위하여 중앙선을 넘어 좌회전, 횡단 등을 한 경우에는 차31:-3",,"제2장.
자동차와
자동차(이륜차
포함)의
사고
자동차사고 과실비율 인정기준 │ 제3편 사고유형별 과실비율 적용기준 328
수정요소(인과관계를 감안한 과실비율 조정) 해설
① ‘현저한 과실’의 해당 여부는 이 장의 3.수정요소의 해설에 따른다.
(예시) 직진차량인 A차량이 중앙선 침범차량인 B차량을 발견한 후 진로를 오른쪽으로
변경하거나 지체 없이 제동하여 피할 수 있었음에도 이를 게을리 하거나, 중앙선 침범차량이
자기 차선으로 되돌아갈 것으로 가볍게 여기거나 혹은 전방주시태만으로 인하여 중앙선
침범사실을 뒤늦게 발견하는 등의 사유로"
과실비율인정기준,331,,,0,,2000.7.7. 선고 2000도2116 판결; 2007.5.10. 선고 2006다3295 판결; 1997. 5. 23. 선고 95도1232 판결; 2000.7.7; 2007.5.10,"제2장.
자동차와
자동차(이륜차
포함)의
사고
자동차사고 과실비율 인정기준 │ 제3편 사고유형별 과실비율 적용기준 330
등으로 그 차와 자기 차와의 접촉 충돌에 의한 위험의 발생을 방지하기 위한 적절한 방어운전
조치를 취하여 이에 충분히 대처할 수 있는 상황이었음에도 불구하고 그러한 제반 조치를 게
을리한 경우에 한하여 그에게 상대방 자동차와 자기 차의 충돌에 의한 사고의 발생에 대하여
과실이 있다고 인정할 수 있다.
⊙ 서울고등법원 2011.5.27.선고 2010나112433 판결
주간에 편도1차로의 도로에서 B차량이 중앙선을 "
과실비율인정기준,335,차31,으로 진행하면서 진로를 바꾸려고 하는 경우와 회전교차로에 진입,,,,"제2장.
자동차와
자동차(이륜차
포함)의
사고
자동차사고 과실비율 인정기준 │ 제3편 사고유형별 과실비율 적용기준 334
활용시 참고 사항
⊙ 도로가 아닌 장소 부분에 마을입구, 주유소, 음식점 등이 있어 중앙선을 넘어 도로가 아닌
장소로 나가는 경우에 본 기준을 적용하고, 양 차량이 교행하다가 그 이외의 사유로 중앙선을
침범한 경우에는 중앙선 침범사고인 차31-1 기준을 적용하고 본 기준을 적용하지 아니한다.
⊙ 중앙선의 의미는 추월을 위해 안전에 주의하여 침범할 수 있지만(실선은 원칙적으로 금지
됨) 즉시 본래 차로로 복귀해야 "
과실비율인정기준,336,,,21,,1999. 7. 23. 선고 99다19346 판결; 2001. 2. 9. 선고 2000다58606 판결; 2004. 10. 15. 선고 2004다39757 판결; 99다19346; 2000다58606,"제2장.
자동차와
자동차(이륜차
포함)의
사고
자동차사고 과실비율 인정기준 │ 제3편 사고유형별 과실비율 적용기준 335
신호를 하는 경우 신호를 하는 시기 신호의 방법
2. 우회전 또는 같은 방향으로 그 행위를 하려는 지점(우회전할 오른팔을 수평으로 펴서 차체의
진행하면서 진로를 오른쪽으로 경우에는 그 교차로의 가장자리)에 오른쪽 밖으로 내밀거나 왼팔을
바꾸려는 때 이르기 전 30미터(고속도로에서는 차체의 왼쪽 밖으로 내어 팔꿈치를
100미터) 이상의 지점에 이르렀을 굽혀 수직으로 올리거나 오른쪽의
때 방향지시기 또는 등화를 조작"
과실비율인정기준,339,,,30,,2019나81003,"제2장.
자동차와
자동차(이륜차
포함)의
사고
자동차사고 과실비율 인정기준 │ 제3편 사고유형별 과실비율 적용기준 338
28. “서행”이란 운전자가 차를 즉시 정지시킬 수 있는 정도의 느린 속도로 진행하는 것을 말한다.
⊙ 도로교통법 제18조(횡단 등의 금지)
① 차마의 운전자는 보행자나 다른 차마의 정상적인 통행을 방해할 우려가 있는 경우에는
차마를 운전하여 도로를 횡단하거나 유턴 또는 후진하여서는 아니 된다.
⊙ 도로교통법 제38조(차의 신호)
① 모든 차의 운전자는 좌회전·우회전·횡단·유턴·서행·정지 또는 후진을 하거나 같은"
과실비율인정기준,343,,,50,,1992. 7. 28. 선고 92도1137 판결; 2016나66409; 2017나58951; 2017나62471; 92도1137,"제2장.
자동차와
자동차(이륜차
포함)의
사고
자동차사고 과실비율 인정기준 │ 제3편 사고유형별 과실비율 적용기준 342
참고 판례
⊙ 서울중앙지방법원 2017. 3. 31. 선고 2016나66409 판결
양 차량이 좁은 도로에서 교행하던 중 발생한 사고의 경우, 두 대의 차량이 교행하기 어려운
도로에서 서로 진로를 양보할 의무를 위반한 점을 종합하면, B과실 50%
⊙ 서울중앙지방법원 2017. 7. 9. 선고 2017나58951 판결
양 차량이 좁은 도로에서 모두 가상의 중앙선을 침범한 채로 교행하던 중 발생한 사고의 경우,
비"
과실비율인정기준,345,,,80,,,"제2장.
자동차와
자동차(이륜차
포함)의
사고
자동차사고 과실비율 인정기준 │ 제3편 사고유형별 과실비율 적용기준 344
사고 상황
⊙ (가) 교차로에서 녹색신호에 따라 직진하는 A차량과 상시유턴구역에서 유턴하는 B차량이
충돌한 사고이다.
⊙ (나) 교차로에서 적색신호에 직진하는 A차량과 유턴신호에 따라 유턴하는 B차량이 충돌한
사고이다.
기본 과실비율 해설
⊙ (가) 신호에 따라 직진하는 차량의 신뢰를 두텁게 보호해주어야 하지만, 유턴차량은 불법
유턴을 한 것은 아니라 유턴이 허용되는 상시유턴구역에서 유턴하였으므로 유턴차량의
일방"
과실비율인정기준,347,,,0,,2005. 6. 10. 선고 2004다29934 판결; 2004다29934; 2017나31065,"제2장.
자동차와
자동차(이륜차
포함)의
사고
자동차사고 과실비율 인정기준 │ 제3편 사고유형별 과실비율 적용기준 346
③ 차마의 운전자는 길가의 건물이나 주차장 등에서 도로에 들어갈 때에는 일단 정지한 후에
안전한지 확인하면서 서행하여야 한다.
⊙ 도로교통법 제38조(차의 신호)
① 모든 차의 운전자는 좌회전·우회전·횡단·유턴·서행·정지 또는 후진을 하거나 같은 방향
으로 진행하면서 진로를 바꾸려고 하는 경우와 회전교차로에 진입하거나 회전교차로에서
진출하는 경우에는 손이나 방향지시기 또는 등화로써 그 행위가 끝날 때까지 신호를
"
과실비율인정기준,353,차42,,0,주택·상점가 등 보행자의 통행이 많은 장소는 일반적으로 급제동이 필요한 경우가 많으므로 후행차량도 그러한 사정을 예측하고 운전하여야 한다는 점에서 뒤에서 추돌한 A차량의 과실을 가산할 수 있다. 활용시 참고 사항 ⊙ 앞차가 도로를 진행 중이거나 도로에서 정지한 직후에 뒤차로부터 추돌당한 사고에 대하여 본 기준을 적용한다. ⊙ 하지만 앞차가 이미 발생한 선행사고로 인하여 도로상에 주·정차하고 있다가 발생한 추돌 사고에 대해서는 차42:-1,,"제2장.
자동차와
자동차(이륜차
포함)의
사고
자동차사고 과실비율 인정기준 │ 제3편 사고유형별 과실비율 적용기준 352
수정요소(인과관계를 감안한 과실비율 조정) 해설
⊙ ① 내지 ③ 사유로 B차량에게 과실이 인정되어 A차량의 과실비율이 100% 미만인 경우에
한하여, A차량의 수정요소를 가산하여 최종 비율을 확정한다.
① 고속도로, 자동차전용도로 등 주행속도 하한이 정해진 도로에서 제한 속도 이하로 주행하는
것을 의미한다. 도로교통법 제17조 3항, 시행규칙 제19조 1항에 의하여 교통이 밀리거나
부득이한 사유로 최저속도보다 느"
과실비율인정기준,354,,,0,,1997. 11. 25. 선고 97다41639 판결; 97다41639,"제2장.
자동차와
자동차(이륜차
포함)의
사고
자동차사고 과실비율 인정기준 │ 제3편 사고유형별 과실비율 적용기준 353
관련 법규
⊙ 도로교통법 제17조(자동차등과 노면전차의 속도)
① 자동차등(개인형 이동장치는 제외한다. 이하 이 조에서 같다)과 노면전차의 도로 통행
속도는 행정안전부령으로 정한다.
(중략)
③ 자동차등과 노면전차의 운전자는 제1항과 제2항에 따른 최고속도보다 빠르게 운전하거나
최저속도보다 느리게 운전하여서는 아니 된다. 다만, 교통이 밀리거나 그 밖의 부득이한
사유로 최저속도보다 느리게 운전할 수밖에 없는 경우"
과실비율인정기준,357,,,20,,,"제2장.
자동차와
자동차(이륜차
포함)의
사고
자동차사고 과실비율 인정기준 │ 제3편 사고유형별 과실비율 적용기준 356
사유는 서로 양립 불가능한 사정이므로 둘 중 하나만 적용한다. 반면, ②,③ 사유와 ④ 사유는
서로 중복해서 적용이 가능하다.
① 고속도로(자동차전용도로 포함)에서의 추돌사고는 고속도로 등에서는 주정차가 원칙적으로
금지되어 있어 뒤차 입장에서 앞 차량이 도로 상에 주(정)차 중일 것이라고 예상하는 것이
더 어렵기 때문에 추돌 당한 앞차의 과실을 20%까지 가산할 수 있다.
② B차량이 앞에서 발생한 다른 사고를 "
과실비율인정기준,362,차42,,,"고장 등의 이유로 부득이하게 주정차한 경우에는 도로 오른쪽에 주정차하여야 하고, 주행 차로에서 운전하는 것이 불가능한 경우 지체 없이 차량을 주행차로 이외의 장소로 이동 시켜야 하나 이러한 경우에 A의 고장 정도가 심하여 갓길로 옮길 수 없었거나 갓길로 옮기고 있던 경우, 갓길로 옮길 시간상 여유가 없는 경우에는 A차량의 과실을 감산할 수 있다. ⊙ 현저한 과실과 중대한 과실 등은 제3편 제2장 3. 수정요소의 해설 부분을 참조한다. 활용시 참고 사항 ⊙ 사고형태가 추돌이 아닌 충돌이나 접촉의 경우에도 본 기준을 적용한다. 다만, 피추돌차량인 A차량이 선행사고로 인하여 도로상에 주·정차하게 된 경우에는 차42:-1",,"제2장.
자동차와
자동차(이륜차
포함)의
사고
자동차사고 과실비율 인정기준 │ 제3편 사고유형별 과실비율 적용기준 361
② 도로교통법 제32조, 제33조를 위반하여 주·정차한 경우에는 피추돌차량인 A차량의 과실을
가산할 수 있다.
③ 도로교통법 제34조를 위반하여 주·정차한 경우에는 피추돌차량인 A차량의 과실을 가산할
수 있다.
④ 차량이 야간에 도로에 있는 경우에는 전조등, 차폭등, 미등, 비상등을 켜야 함에도 그렇지
아니한 경우나, 시야가 불량한 상황임에도 주·정차 차량이 비상등을 켜지 아니한 경우 등
에는 추돌차량이 주·정차"
과실비율인정기준,364,,,20,,1996. 2. 9. 선고 95다39359판결; 95다39359; 2018나62265,"제2장.
자동차와
자동차(이륜차
포함)의
사고
자동차사고 과실비율 인정기준 │ 제3편 사고유형별 과실비율 적용기준 363
1. 모든 차의 운전자는 도로에서 정차할 때에는 차도의 오른쪽 가장자리에 정차할 것. 다만,
차도와 보도의 구별이 없는 도로의 경우에는 도로의 오른쪽 가장자리로부터 중앙으로 50센티
미터 이상의 거리를 두어야 한다.
2. 여객자동차의 운전자는 승객을 태우거나 내려주기 위하여 정류소 또는 이에 준하는 장소에
서 정차하였을 때에는 승객이 타거나 내린 즉시 출발하여야 하며 뒤따르는 다른 차의 정차를
방해하지 아니할 것"
과실비율인정기준,367,차42,,,"고속도로 및 자동차전용도로(이하 ‘고속도로등’이라 함) 상에서 차량 고장 등을 이유로 부득 이하게 주·정차하게 된 경우에는 도로교통법 제66조, 도로교통법 시행규칙 제40조에 따라 고장자동차의 표지를 설치하여야 하는 바, 이러한 표지를 설치하지 않은 경우에는 주정차 차량을 발견하기가 용이하지 않기 때문에 이러한 조치를 위반한 B의 과실을 가산할 수 있다. (종전에는 안전삼각대를 100미터 이상의 뒤쪽 도로상에 설치하여야 한다고 규정하였으나 2017. 6. 2.자 개정으로 거리제한을 폐지하고 후방에서 접근하는 자동차의 운전자가 확인 할 수 있는 위치에 설치하도록 하였다.) ⊙ 현저한 과실과 중대한 과실 등은 제3편 제2장 3. 수정요소의 해설 부분을 참조한다. 활용시 참고 사항 ⊙ 추돌을 당한 B차량이 갓길을 포함하여 차로 일부를 점유하고 있는 경우에는 본 기준을 적용하나, 차로 폭의 절반 이상을 점유한 경우에는 차로 주정차 중 추돌사고인 차42:-1",,"제2장.
자동차와
자동차(이륜차
포함)의
사고
자동차사고 과실비율 인정기준 │ 제3편 사고유형별 과실비율 적용기준 366
① 주정차 차량이 갓길을 포함하여 차로의 일부(차로 폭의 절반 이내)를 점유하고 있는 경우
로서, 이는 추돌차량인 A차량의 정상적인 통행을 방해한 것이므로 주정차 차량인 B차량의
과실을 가산할 수 있다.
② ‘갓길에 주정차를 할 수밖에 없는 부득이한 사정’이란 차량고장, 연료소진, 타이어교환, 체인
장착 등의 사정으로 불가피하게 주정차하게 된 것을 말하며, 이러한 부득이한 사정이 없는
경우(즉, B차량 측에서 부"
과실비율인정기준,374,,,10,,,"제2장.
자동차와
자동차(이륜차
포함)의
사고
자동차사고 과실비율 인정기준 │ 제3편 사고유형별 과실비율 적용기준 373
수정요소(인과관계를 감안한 과실비율 조정) 해설
① 도로교통법 제38조 제1항 및 동법 시행령 제21조 별표 2에 따라 진로변경을 하고자 할
때 그 행위를 하고자 하는 지점에 이르기 전 30m(고속도로에서는 100m) 이상의 지점에
이르렀을 때 진로변경 신호를 해야 하므로 이러한 신호불이행·지연을 한 B차량의 과실을
10%까지 가산할 수 있다.
② 도로교통법 제15조에 따라 버스전용차로가 실시되는 장소에서는 전용"
과실비율인정기준,376,,,30,,2015. 11. 12. 선고 2015도3107 판결; 1986.12; 2015도3107; 2018나47693,"제2장.
자동차와
자동차(이륜차
포함)의
사고
자동차사고 과실비율 인정기준 │ 제3편 사고유형별 과실비율 적용기준 375
⊙ 도로교통법 시행령 제10조(전용차로통행차 외에 전용차로로 통행할 수 있는 경우)
법 제15조제3항 단서(법 제61조제2항에서 준용되는 경우를 포함한다)에서 “대통령령으로
정하는 경우”란 다음 각 호의 어느 하나에 해당하는 경우를 말한다.
1. 긴급자동차가 그 본래의 긴급한 용도로 운행되고 있는 경우
2. 전용차로통행차의 통행에 장해를 주지 아니하는 범위에서 택시가 승객을 태우거나 내려주기
위하여 일시 통행하는"
과실비율인정기준,379,,,20,,,"제2장.
자동차와
자동차(이륜차
포함)의
사고
자동차사고 과실비율 인정기준 │ 제3편 사고유형별 과실비율 적용기준 378
② A차량이 정차 후 출발하며 차로를 변경하는 경우 20%를 가산할 수 있으며, 이 경우에는
‘정체차로변경’시 가산하는 10%를 중복 적용하지 않는다.
⊙ 현저한 과실과 중대한 과실 등은 제3편 제2장 3. 수정요소의 해설 부분을 참조한다.
활용시 참고 사항
⊙ 양 차량이 거의 동시에 진로변경을 하는 경우에 본 기준을 적용하고, 어느 한 차량이 변경
하려는 차로에 완전히 진입하여 상당한 시간 동안 상당한 거리를 "
과실비율인정기준,395,,,5,,,"제2장.
자동차와
자동차(이륜차
포함)의
사고
자동차사고 과실비율 인정기준 │ 제3편 사고유형별 과실비율 적용기준 394
수정요소(인과관계를 감안한 과실비율 조정) 해설
① 도로교통법 제38조 및 동법 시행령 제21조에 따라 좌회전이나 진로를 변경하고자 할 때
그 행위를 하고자 하는 지점에 이르기 전 30m(고속도로에서는 100m) 이상의 지점에
이르렀을 때 진로변경 신호를 해야하므로, 좌회전차량인 B차량이 이를 위반한 때 지연의
경우에는 과실 5%, 불이행의 경우에는 과실을 10%까지 가산할 수 있다.
② 도로교통법 제25조 제2"
과실비율인정기준,405,,,5,,2017나49784,"제2장.
자동차와
자동차(이륜차
포함)의
사고
자동차사고 과실비율 인정기준 │ 제3편 사고유형별 과실비율 적용기준 404
수정요소(인과관계를 감안한 과실비율 조정) 해설
① 전방차량인 B차량이 중앙선을 넘기 전에 왼쪽 방향지시등을 작동하여 다른 차량에게 중앙선
침범을 미리 알렸다면 B차량의 과실을 5%까지 감산할 수 있다.
⊙ 현저한 과실과 중대한 과실은 제3편 제2장 3. 수정요소의 해설 부분을 참조한다.
활용시 참고 사항
⊙ 중앙선이 황색 실선인 도로에 본 기준을 적용하고, 중앙선이 황색 점선이거나 중앙선이
없는 도로에는 적용하"
과실비율인정기준,407,,,10,,,"제2장.
자동차와
자동차(이륜차
포함)의
사고
자동차사고 과실비율 인정기준 │ 제3편 사고유형별 과실비율 적용기준 406
이를 위반하거나 기타 이에 준하는 과실이 인정되는 경우 피추월차량인 A차량의 과실을
10%까지 가산할 수 있다.
② 도로교통법 제21조 제4항에 따라 피추월차량은 추월차량이 있는 경우 속도를 높여 경쟁
하거나 차의 앞을 가로막는 등의 방법으로 추월을 방해하여서는 아니 될 의무가 있는데,
이를 위반한 경우 피추월차량인 A차량의 과실을 20%까지 가산할 수 있다. 이러한 경우
통상 인과관계는 도로 중앙과의 사이에 추"
과실비율인정기준,418,,,10,,,"제2장.
자동차와
자동차(이륜차
포함)의
사고
자동차사고 과실비율 인정기준 │ 제3편 사고유형별 과실비율 적용기준 417
수정요소(인과관계를 감안한 과실비율 조정) 해설
⊙ 도로교통법 제51조 어린이통학버스의 특별보호 규정상 그 차로의 바로 옆차로로 통행
하는 차의 운전자에게도 일시정지의무를 부여하는 등 강력한 안전운전의무를 부여하는
입법취지를 고려하여 정차후 출발하는 차량이 어린이통학버스인 경우 진로변경차량을
가해차량으로 볼 수 있다.
⊙ 도로교통법 제21조 제3항 및 도로교통법 제38조에 근거하여 앞지르기나 진로변경의 신호는
정"
과실비율인정기준,421,,,10,,,"제2장.
자동차와
자동차(이륜차
포함)의
사고
자동차사고 과실비율 인정기준 │ 제3편 사고유형별 과실비율 적용기준 420
수정요소(인과관계를 감안한 과실비율 조정) 해설
⊙ 도로교통법 제21조 제3항 및 도로교통법 제38조에 근거하여 앞지르기나 진로변경의 신호는
정차후 출발하는 차량의 전방 및 좌우주시의무 위반의 기초로서 중요한 의미를 가지기 때문에
앞지르기나 진로변경 신호 불이행 또는 지연을 한 차량의 과실을 10%까지 가산할 수 있다.
⊙ 양 차량의 현저한 과실 내지 중대한 과실은 정차후 출발하는 시점과 추월 진로변경 시점,
기"
과실비율인정기준,424,,,10,,,"제2장.
자동차와
자동차(이륜차
포함)의
사고
자동차사고 과실비율 인정기준 │ 제3편 사고유형별 과실비율 적용기준 423
수정요소(인과관계를 감안한 과실비율 조정) 해설
① 야간, 악천후 등 시야확보가 곤란한 경우에는 낙하물을 발견하기가 용이하지 아니하므로
선행 차량인 B차량의 과실을 10%까지 가산할 수 있다.
② ‘현저한 과실’과 ‘중대한 과실’의 해당 여부는 제3편 제2장 3. 수정요소의 해설 부분을
참조하며, 후속차량인 A차량이 휴대전화로 통화하는 등의 사유로 선행차량인 B차량에서
떨어지거나 도로상에 이미 떨어져 있는 낙하물"
과실비율인정기준,425,,,80,,2017나47047; 2016나31823; 2019나27351,"제2장.
자동차와
자동차(이륜차
포함)의
사고
자동차사고 과실비율 인정기준 │ 제3편 사고유형별 과실비율 적용기준 424
12. 「도로교통법」 제39조제4항을 위반하여 자동차의 화물이 떨어지지 아니하도록 필요한
조치를 하지 아니하고 운전한 경우
⊙ 도로교통법 제19조(안전거리 확보 등)
① 모든 차의 운전자는 같은 방향으로 가고 있는 앞차의 뒤를 따르는 경우에는 앞차가 갑자기
정지하게 되는 경우 그 앞차와의 충돌을 피할 수 있는 필요한 거리를 확보하여야 한다.
⊙ 도로교통법 제39조(승차 또는 적재의 방법과 제한)
④ 모든 차의 운"
과실비율인정기준,427,,,10,,,"제2장.
자동차와
자동차(이륜차
포함)의
사고
자동차사고 과실비율 인정기준 │ 제3편 사고유형별 과실비율 적용기준 426
수정요소(인과관계를 감안한 과실비율 조정) 해설
① B차량이 주차구역에서 출차하는 과정에서 차체를 통행로에 일부 노출시키고 대기하다가
출차하던 중에 사고가 발생한 경우로서 B차량의 출차를 알 수 있으므로 과실을 10% 감산
할 수 있다.
② A차량이 통로에서 후진하는 경우에는 B차량이 후진출차하는 경우보다 예측하기가 상대
적으로 어려우므로 후진의 속도나 거리에 비추어 A차량의 과실을 10% 가산할 수 있다.
B차"
과실비율인정기준,430,차51,,10,,,"제2장.
자동차와
자동차(이륜차
포함)의
사고
자동차사고 과실비율 인정기준 │ 제3편 사고유형별 과실비율 적용기준 429
수정요소(인과관계를 감안한 과실비율 조정) 해설
⊙ 주차장에서는 주차를 위하여 전·후진이 당연히 예상되므로, 서행하지 않고 진행하는 경우
후행 B차량에게 10%까지 가산할 수 있다.(도로교통법 제18조 제3항 준용)
⊙ 자동차의 방향상태 자체로 명백히 주차구획 진입시도 여부를 인식하기 어려운 경우에,
비상등점등, 방향지시등작동, 후진등점등 등을 통하여 주차구획으로 진입하려는 신호를
누락하였다면 사고발생의 위험이 "
과실비율인정기준,432,,,40,,2019나38627,"제2장.
자동차와
자동차(이륜차
포함)의
사고
자동차사고 과실비율 인정기준 │ 제3편 사고유형별 과실비율 적용기준 431
되는 점, ② 원고 차량은 피고 차량의 앞에서 정차와 서행을 반복하며(주차할 공간을 찾고 있던
것으로 보임) 통로 좌측을 따라 진행하다가 조향장치를 우측으로 조작하고 있었던 점(통로
좌측의 주차구역에 후진주차 하려고 했던 것으로 보임), ③ 피고 차량은 빠른 속도로 원고 차량
우측을 지나쳐 가다가 원고 차량과 충돌한 점 등을 종합하여 보면, 이 사건 사고는 주차장 내
에서 서행하지 아니하고, 주차하려는 선행 차량"
과실비율인정기준,434,차42,진행하면서 진로를 바꾸려고 하는 경우와 회전교차로에 진입,20,,,"제2장.
자동차와
자동차(이륜차
포함)의
사고
자동차사고 과실비율 인정기준 │ 제3편 사고유형별 과실비율 적용기준 433
수정요소(인과관계를 감안한 과실비율 조정) 해설
① 주행차로 쪽 문 열림은 후행 차량이 더욱 예상하기 어려우므로 문 열림 차량인 B차량의
과실을 가산할 수 있다.
② 후행 차량이 대피하기가 어려울 정도의 급박한 문 열림을 말하며, 이러한 경우 문 열림
차량인 B차량의 과실을 가산할 수 있다.
③ 도로교통법 제38조에 따라 정지시 손이나 방향지시기 또는 등화로써 그 행위가 끝날 때까지
신호를 하여야 하므로 이를 위"
과실비율인정기준,438,,,0,,1995. 10. 13. 선고 95다29369 판결; 95다29369; 2002다38767; 2019나50719; 2019나21216,"제2장.
자동차와
자동차(이륜차
포함)의
사고
자동차사고 과실비율 인정기준 │ 제3편 사고유형별 과실비율 적용기준 437
진행하는 차량의 운전자라고 하더라도 이미 교차로에 진입하고 있는 다른 차량이 있다거나 다른
차량이 그 진행방향의 신호가 진행신호에서 정지신호로 바뀐 직후에 교차로를 진입하여 계속
진행하고 있는 것을 발견하였다거나 또는 그 밖에 신호를 위반하여 교차로를 진입할 것이
예상되는 특별한 경우라면 그러한 차량의 동태를 두루 살피면서 서행하는 등으로 사고를 방
지할 태세를 갖추고 운전하여야 할 주의의무는 있다 할 것이지만,"
과실비율인정기준,440,차54,③ 도로교통법 제38조 제1항에 따라 회전교차로에 진입,10,"도로교통법 제38조 제1항에 따라 회전교차로에 진입하는 B차량은 신호를 하여야 하므로 신호를 불이행하거나 신호를 지연한 경우 과실을 가산할 수 있다. 활용시 참고 사항 ⊙ 2차로형 회전교차로의 경우, 먼저 진입하여 ‘회전 1차로’에서 회전 중인 A차량과 회전 교차로로 진입하는 B차량이 ‘회전 1차로까지 곧바로 진입(대진입)’한 사고는 차54:-2",,"제2장.
자동차와
자동차(이륜차
포함)의
사고
자동차사고 과실비율 인정기준 │ 제3편 사고유형별 과실비율 적용기준 439
수정요소(인과관계를 감안한 과실비율 조정) 해설
⊙ 서행불이행, 현저한 과실과 중대한 과실은 제3편 제2장 3. 수정요소의 해설 부분을 참조한다.
① 진입차량이 회전차로에 진입하는 과정에서 회전차량과의 충돌을 피하고자 일시정지한
경우에는 회전차량이 충돌을 회피할 여지가 상대적으로 크므로 이러한 경우 진입차량인
B차량의 과실을 10%까지 감산할 수 있다.
② B 진입차량의 명확한 선진입은 선진입의 정도가 명확한 경"
과실비율인정기준,443,,,10,,,"제2장.
자동차와
자동차(이륜차
포함)의
사고
자동차사고 과실비율 인정기준 │ 제3편 사고유형별 과실비율 적용기준 442
수정요소(인과관계를 감안한 과실비율 조정) 해설
⊙ 서행불이행, 현저한 과실과 중대한 과실은 제3편 제2장 3. 수정요소의 해설 부분을 참조한다.
① B진입차량이 회전차로에 진입하는 과정에서 회전차량과의 충돌을 피하고자 일시정지한
경우에는 회전차량이 충돌을 회피할 여지가 상대적으로 크므로 이러한 경우 진입차량 B의
과실을 10%까지 감산할 수 있다.
② B 진입차량의 명확한 선진입은 선진입의 정도가 명확한 경우에"
과실비율인정기준,446,,,10,,,"제2장.
자동차와
자동차(이륜차
포함)의
사고
자동차사고 과실비율 인정기준 │ 제3편 사고유형별 과실비율 적용기준 445
① 도로교통법 제38조(차의 신호)에 근거하여 진로변경의 신호는 후방차의 전방주의의무
위반의 기초로서 중요한 의미를 가지기 때문에 진로변경신호 불이행 또는 지연을 한
A차량의 과실을 가산할 수 있다.
② 진입차량이 회전차로에 진입하는 과정에서 회전차량과의 충돌을 피하고자 일시정지한
경우에는 회전차량이 충돌을 회피할 여지가 상대적으로 크므로 이러한 경우 진입차량인
B차량의 과실을 10%까지 감산할 수 있다.
③ B"
과실비율인정기준,483,,,10,,,"제2장.
자동차와
자동차(이륜차
포함)의
사고
자동차사고 과실비율 인정기준 │ 제3편 사고유형별 과실비율 적용기준 482
수정요소(인과관계를 감안한 과실비율 조정) 해설
① 교차로가 아닌 곳, 즉 도로 이외의 장소의 경우를 말한다. 교차로에서는 직진하는 이륜차
로서도 좌회전이나 횡단하는 차량이 있다는 것을 예견하기 어려우므로 B차량의 기본 과실
비율을 10%까지 가산할 수 있다.
② ‘이륜차 통과 공간이 충분치 않은 경우’라 함은 정체차량의 우측과 차·보도 경계선 또는
차도 우측 가장자리선과의 거리가 대략 1.5m 미만으로 사고위험"
과실비율인정기준,495,,,3,,,"제3장.
자동차와
자전거(농기계
포함)의
사고
자동차사고 과실비율 인정기준 │ 제3편 사고유형별 과실비율 적용기준 494
3. 수정요소의 해설
(1) (자동차) 현저한 과실
- 기준별로 사고 상황을 가정하여 기본 과실비율을 정하였으며, 통상적으로 적용되는 과실을
고려하였다. 이 기본 과실비율에 더해 과실의 정도가 큰 과실을 현저한 과실이라 한다. 중대한
과실보다는 주의의무의 위반정도가 낮은 과실항목을 의미하며, 중대한 과실과 중복 적용
하지 않는다.
- 현저한 과실로는 ① 한눈팔기 등 전방주시의무 위반이 현저한 경우, ② 음주운전("
과실비율인정기준,496,,,3,,,"제3장.
자동차와
자전거(농기계
포함)의
사고
자동차사고 과실비율 인정기준 │ 제3편 사고유형별 과실비율 적용기준 495
⑦ 자전거가 지그재그로 ㄹ자 보행 운전하는 경우
⑧ 자전거 탑승자가 안전기준법령에 부합하는 안전모를 착용하지 않은 경우(사망이나 상해의
발생 또는 확대가 안전모 미착용과 인과관계가 있는 경우에 한한다)
⑨ 2대 이상이 차도를 병렬 통행하는 경우(안전표지로 허용된 경우와 도로 횡단이 허용된
경우는 제외)
⑩ 도로교통법 제38조에 위반하여 손이나 방향지시기, 등화로써 신호를 하지 아니한 경우
등을 말한다.
(4) ("
과실비율인정기준,503,,,5,"자전거 운전자가 어린이, 노인, 장애인과 같이 교통약자일 경우 A자전거의 과실을 10% 까지 감산할 수 있다. 다만, 6세 미만의 유아는 본 기준을 적용하지 않고 과실상계 별도 적용규정의 “보호자 자녀감호태만” 과실을 적용한다. 활용시 참고 사항 ⊙ 신호는 도로교통법 제2조 제15호에서 규정한 신호기에 의한 신호 이외에도 도로교통법 제5조의 규정에 의한 교통안전시설이 표시하는 신호나 지시 또는 경찰공무원 등에 의한 신호나 지시를 의미한다. 신호 판단은 차량이 교차로 진입시(정지선 통과시)의 신호기의 신호 표시에 의한 것을 말하고, 진입후 신호기의 신호가 바뀐 경우에 대해서는 필요에 따라 수정 요소로서 수치를 가감 적용한다. 아울러 신호등의 순서는 도로교통법 시행규칙 [별표5] 에 따라 이루어지는 것을 전제로 한다. ⊙ 신호기가 설치되어 있더라도 신호기의 고장이나 황(적)색 점멸신호만 작동하는 경우 등은 「교통정리가 이루어지고 있지 않는 교차로」로 보아 본 기준을 적용하지 아니한다. 서로 다 른 방향에서 교차로에 진입하여 교차로 내에서 충돌한 사고를 상정한 것이므로 교차로 내 에서 일시정차 중인 차량과 충돌한 경우는 본 기준을 적용하지 아니한다. ⊙ 신호기에 교통정리가 이루어지고 있는 교차로에 관한 거1:-1",,"제3장.
자동차와
자전거(농기계
포함)의
사고
자동차사고 과실비율 인정기준 │ 제3편 사고유형별 과실비율 적용기준 502
수정요소(인과관계를 감안한 과실비율 조정) 해설
① ‘자전거도로’라 함은 자전거이용 활성화에 관한 법률 제3조의 규정에 의하여 설치된 도로
로서, 자전거만이 통행할 수 있는 자전거전용도로, 자전거와 보행자가 통행할 수 있는
자전거보행자 겸용도로 그리고 자전거 외에 자동차도 통행할 수 있는 자전거 우선도로로
나뉜다. 인근에 자전거도로가 있는 경우에는 이곳에서 자전거를 운행하여야 하므로 A자전
거의 과실을 5%까지 "
과실비율인정기준,504,,,0,,,"제3장.
자동차와
자전거(농기계
포함)의
사고
자동차사고 과실비율 인정기준 │ 제3편 사고유형별 과실비율 적용기준 503
1. 교통정리를 하는 경찰공무원(의무경찰을 포함한다. 이하 같다) 및 제주특별자치도의 자치경찰
공무원(이하 “자치경찰공무원”이라 한다)
2. 경찰공무원(자치경찰공무원을 포함한다. 이와 같다)을 보조하는 사람으로서 대통령령으로
정하는 사람(이하 “경찰보조자”라 한다)
⊙ 도로교통법 제13조의2(자전거의 통행방법의 특례)
① 자전거의 운전자는 자전거도로(제15조제1항에 따라 자전거만 통행할 수 있도록 설치된
전용차로"
과실비율인정기준,526,차9,도로를 이용하여 A자전거와 동일방향으로 직진하는 B차량이 충돌한 사고,10,⊙ 거5:-2; 기본 과실비율 해설 ⊙ 거5:-1,,"제3장.
자동차와
자전거(농기계
포함)의
사고
자동차사고 과실비율 인정기준 │ 제3편 사고유형별 과실비율 적용기준 525
사고 상황
⊙ 거5-1 신호기에 의해 교통정리가 이루어지고 있지 않고 한쪽에 일시정지 표지가 있는
교차로에서 일시정지 표지를 위반하여 우회전하는 A자전거와 A자전거의 진행방향 좌측
도로를 이용하여 A자전거와 동일방향으로 직진하는 B차량이 충돌한 사고이다.
⊙ 거5-2 신호기에 의해 교통정리가 이루어지고 있지 않고 한쪽에 일시정지 표지가 있는
교차로에서 일시정지 표지를 위반하여 우회전하는 B차량과 B차량의 진행방향"
과실비율인정기준,548,,,10,"도로교통법 제26조 제1항 및 제4항의 합리적인 해석상 좌회전 완료직후 상태의 차량에게 우선권이 있다고 보아야 할 것이어서 좌회전을 완료한 측의 과실을 감산할 수 있으며, 거9:-2; ⊙ 거9:-2; 기본 과실비율 해설 ⊙ 거9:-1",,"제3장.
자동차와
자전거(농기계
포함)의
사고
자동차사고 과실비율 인정기준 │ 제3편 사고유형별 과실비율 적용기준 547
사고 상황
⊙ 거9-1 신호기에 의해 교통정리가 이루어지고 있지 않는 동일 폭의 교차로에서 직진하는
A자전거와 A자전거의 진행방향 우측도로에서 좌회전하는 B차량이 충돌한 사고이다.
⊙ 거9-2 신호기에 의해 교통정리가 이루어지고 있지 않는 동일 폭의 교차로에서 직진하는
B차량과 B차량의 진행방향 우측도로에서 좌회전하는 A자전거가 충돌한 사고이다.
기본 과실비율 해설
⊙ 거9-1 도로교통법 제26조 제4항에 따라 "
과실비율인정기준,552,,,80,,,"제3장.
자동차와
자전거(농기계
포함)의
사고
자동차사고 과실비율 인정기준 │ 제3편 사고유형별 과실비율 적용기준 551
⊙ 도로교통법 제25조(교차로 통행방법)
② 모든 차의 운전자는 교차로에서 좌회전을 하려는 경우에는 미리 도로의 중앙선을 따라
서행하면서 교차로의 중심 안쪽을 이용하여 좌회전하여야 한다. 다만, 시·도경찰청장이
교차로의 상황에 따라 특히 필요하다고 인정하여 지정한 곳에서는 교차로의 중심 바깥쪽을
통과할 수 있다.
③ 제2항에도 불구하고 자전거의 운전자는 교차로에서 좌회전하려는 경우에는 미리 도로의
우측 가장자리로"
과실비율인정기준,561,,,10,⊙ 거10:-2; 기본 과실비율 해설 ⊙ 거10:-1,,"제3장.
자동차와
자전거(농기계
포함)의
사고
자동차사고 과실비율 인정기준 │ 제3편 사고유형별 과실비율 적용기준 560
사고 상황
⊙ 거10-1 신호기에 의해 교통정리가 이루어지고 있지 않는 교차로에서 미리 우측끝으로
다가서지 않고 우회전을 하는 B차량과 동일차로 내 동일방향에서 후행하여 직진하는
A자전거가 충돌한 사고이다.
⊙ ‘미리 우측단으로 다가서지 아니한 경우’라 함은 최소한 자전거와 우측끝 사이에 차량 한
대가 충분히 지나갈 수 있는 여유를 두고 자전거가 운행한 경우를 의미한다. 이하 같다.
⊙ 거10-2 신호기에 의해 "
과실비율인정기준,562,,,70,,,"제3장.
자동차와
자전거(농기계
포함)의
사고
자동차사고 과실비율 인정기준 │ 제3편 사고유형별 과실비율 적용기준 561
관련 법규
⊙ 도로교통법 제25조(교차로 통행방법)
① 모든 차의 운전자는 교차로에서 우회전을 하려는 경우에는 미리 도로의 우측 가장자리를
서행하면서 우회전하여야 한다. 이 경우 우회전하는 차의 운전자는 신호에 따라 정지하거나
진행하는 보행자 또는 자전거에 주의하여야 한다.
④ 제1항부터 제3항까지의 규정에 따라 우회전이나 좌회전을 하기 위하여 손이나 방향지시 기
또는 등화로써 신호를 하는 차가 있는 경우에 그 "
과실비율인정기준,564,,,10,⊙ 거10:-4; 기본 과실비율 해설 ⊙ 거10:-3,,"제3장.
자동차와
자전거(농기계
포함)의
사고
자동차사고 과실비율 인정기준 │ 제3편 사고유형별 과실비율 적용기준 563
사고 상황
⊙ 거10-3 신호기에 의해 교통정리가 이루어지고 있지 않는 교차로에서 미리 우측끝으로
다가서지 않고 우회전을 하는 A자전거와 동일차로 내 동일방향에서 후행하여 직진하는
B차량이 충돌한 사고이다.
⊙ 거10-4 신호기에 의해 교통정리가 이루어지고 있지 않는 교차로에서 미리 우측끝으로
다가서서 우회전을 하는 A자전거와 동일차로 내 동일방향에서 후행하여 직진하는 B차량이
충돌한 사고이다.
기본 과실비율 해"
과실비율인정기준,571,,,20,,86나4069; 86나2621; 87나5058; 2008나4421,"제3장.
자동차와
자전거(농기계
포함)의
사고
자동차사고 과실비율 인정기준 │ 제3편 사고유형별 과실비율 적용기준 570
② 자동차등의 운전자는 같은 방향으로 가고 있는 자전거 운전자에 주의하여야 하며, 그 옆을
지날 때에는 자전거와의 충돌을 피할 수 있는 필요한 거리를 확보하여야 한다.
③ 모든 차의 운전자는 차의 진로를 변경하려는 경우에 그 변경하려는 방향으로 오고 있는 다
른 차의 정상적인 통행에 장애를 줄 우려가 있을 때에는 진로를 변경하여서는 아니 된다.
④ 모든 차의 운전자는 위험방지를 위한 경우와 그 밖의 부득이한 경우"
과실비율인정기준,580,,,5,,1984. 9. 25. 선고 84도1695 판결; 1984. 4. 24. 선고 84도240 판결; 84도1695; 84도240,"제3장.
자동차와
자전거(농기계
포함)의
사고
자동차사고 과실비율 인정기준 │ 제3편 사고유형별 과실비율 적용기준 579
거의 과실을 5%까지 가산할 수 있다.
② 자전거가 야간에 도로를 무단횡단하거나 내리막길, 커브길 등 시야가 제한되는 상황에서
역통행을 하는 경우에는 자동차의 예견 및 회피가능성이 현저히 낮아지므로 A자전거의
과실을 10%까지 가산할 수 있다.
③ 자전거는 차도가 아닌 장소에서 진행할 수 있으므로 자전거가 차도가 아닌 장소에서 진입
하였다고 하더라도 이 수정요소를 자전거의 과실로 고려하지 아니한다.
활용시 참고 "
과실비율인정기준,585,,,10,⊙ 거43:-2; ⊙ 거43:-3; 기본 과실비율 해설 ⊙ 거43:-1,,"제3장.
자동차와
자전거(농기계
포함)의
사고
자동차사고 과실비율 인정기준 │ 제3편 사고유형별 과실비율 적용기준 584
사고 상황]
⊙ 거43-1 자전거 전용도로에서 통행 중인 A자전거와 일반도로에서 자전거 전용도로로
진로변경을 하는 B차량이 충돌한 사고이다.
⊙ 거43-2 자전거 전용차로에서 통행 중인 A자전거와 일반도로에서 자전거 전용차로로
진로변경을 하는 B차량이 충돌한 사고이다.
⊙ 거43-3 자전거 우선도로에서 통행 중인 A자전거와 일반도로에서 자전거 우선도로로
진로변경을 하는 B차량이 충돌한 사고이다.
기본 과실비율 해"
